# Cyrillic 0400 - 04FF
0400	Iegrave	CYRILLIC CAPITAL LETTER IE WITH GRAVE
0401	Io	CYRILLIC CAPITAL LETTER IO
0402	Dje	CYRILLIC CAPITAL LETTER DJE
0403	Gje	CYRILLIC CAPITAL LETTER GJE
0404	Ieukran	CYRILLIC CAPITAL LETTER UKRAINIAN IE
0405	Dze	CYRILLIC CAPITAL LETTER DZE
0406	Iukran	CYRILLIC CAPITAL LETTER BYELORUSSIAN-UKRAINIAN I
0407	Yicyr	CYRILLIC CAPITAL LETTER YI
0408	Je	CYRILLIC CAPITAL LETTER JE
0409	Lje	CYRILLIC CAPITAL LETTER LJE
040A	Nje	CYRILLIC CAPITAL LETTER NJE
040B	Tshe	CYRILLIC CAPITAL LETTER TSHE
040C	Kje	CYRILLIC CAPITAL LETTER KJE
040D	Igravecyr	CYRILLIC CAPITAL LETTER I WITH GRAVE
040E	Ushort	CYRILLIC CAPITAL LETTER SHORT U
040F	Dzhe	CYRILLIC CAPITAL LETTER DZHE
0410	Acyr	CYRILLIC CAPITAL LETTER A
0411	Be	CYRILLIC CAPITAL LETTER BE
0412	Ve	CYRILLIC CAPITAL LETTER VE
0413	Ghe	CYRILLIC CAPITAL LETTER GHE
0414	De	CYRILLIC CAPITAL LETTER DE
0415	Ie	CYRILLIC CAPITAL LETTER IE
0416	Zhecyr	CYRILLIC CAPITAL LETTER ZHE
0417	Ze	CYRILLIC CAPITAL LETTER ZE
0418	Icyr	CYRILLIC CAPITAL LETTER I
0419	Ishort	CYRILLIC CAPITAL LETTER SHORT I
041A	Ka	CYRILLIC CAPITAL LETTER KA
041B	El	CYRILLIC CAPITAL LETTER EL
041C	Em	CYRILLIC CAPITAL LETTER EM
041D	En	CYRILLIC CAPITAL LETTER EN
041E	Ocyr	CYRILLIC CAPITAL LETTER O
041F	Pe	CYRILLIC CAPITAL LETTER PE
0420	Er	CYRILLIC CAPITAL LETTER ER
0421	Es	CYRILLIC CAPITAL LETTER ES
0422	Te	CYRILLIC CAPITAL LETTER TE
0423	Ucyr	CYRILLIC CAPITAL LETTER U
0424	Ef	CYRILLIC CAPITAL LETTER EF
0425	Ha	CYRILLIC CAPITAL LETTER HA
0426	Tse	CYRILLIC CAPITAL LETTER TSE
0427	Che	CYRILLIC CAPITAL LETTER CHE
0428	Shacyr	CYRILLIC CAPITAL LETTER SHA
0429	Shcha	CYRILLIC CAPITAL LETTER SHCHA
042A	Hard	CYRILLIC CAPITAL LETTER HARD SIGN
042B	Yeru	CYRILLIC CAPITAL LETTER YERU
042C	Soft	CYRILLIC CAPITAL LETTER SOFT SIGN
042D	Ereversedcyr	CYRILLIC CAPITAL LETTER E
042E	Yu	CYRILLIC CAPITAL LETTER YU
042F	Ya	CYRILLIC CAPITAL LETTER YA
0430	acyr	CYRILLIC SMALL LETTER A
0431	be	CYRILLIC SMALL LETTER BE
0432	vecyr	CYRILLIC SMALL LETTER VE
0433	ghe	CYRILLIC SMALL LETTER GHE
0434	de	CYRILLIC SMALL LETTER DE
0435	ie	CYRILLIC SMALL LETTER IE
0436	zhecyr	CYRILLIC SMALL LETTER ZHE
0437	ze	CYRILLIC SMALL LETTER ZE
0438	icyr	CYRILLIC SMALL LETTER I
0439	ishort	CYRILLIC SMALL LETTER SHORT I
043A	kacyr	CYRILLIC SMALL LETTER KA
043B	el	CYRILLIC SMALL LETTER EL
043C	em	CYRILLIC SMALL LETTER EM
043D	en	CYRILLIC SMALL LETTER EN
043E	ocyr	CYRILLIC SMALL LETTER O
043F	pecyr	CYRILLIC SMALL LETTER PE
0440	er	CYRILLIC SMALL LETTER ER
0441	es	CYRILLIC SMALL LETTER ES
0442	te	CYRILLIC SMALL LETTER TE
0443	ucyr	CYRILLIC SMALL LETTER U
0444	ef	CYRILLIC SMALL LETTER EF
0445	hacyr	CYRILLIC SMALL LETTER HA
0446	tse	CYRILLIC SMALL LETTER TSE
0447	che	CYRILLIC SMALL LETTER CHE
0448	shacyr	CYRILLIC SMALL LETTER SHA
0449	shcha	CYRILLIC SMALL LETTER SHCHA
044A	hard	CYRILLIC SMALL LETTER HARD SIGN
044B	yeru	CYRILLIC SMALL LETTER YERU
044C	soft	CYRILLIC SMALL LETTER SOFT SIGN
044D	ecyr	CYRILLIC SMALL LETTER E
044E	yucyr	CYRILLIC SMALL LETTER YU
044F	yacyr	CYRILLIC SMALL LETTER YA
0450	iegrave	CYRILLIC SMALL LETTER IE WITH GRAVE
0451	io	CYRILLIC SMALL LETTER IO
0452	dje	CYRILLIC SMALL LETTER DJE
0453	gje	CYRILLIC SMALL LETTER GJE
0454	ieukran	CYRILLIC SMALL LETTER UKRAINIAN IE
0455	dze	CYRILLIC SMALL LETTER DZE
0456	iukran	CYRILLIC SMALL LETTER BYELORUSSIAN-UKRAINIAN I
0457	yicyr	CYRILLIC SMALL LETTER YI
0458	je	CYRILLIC SMALL LETTER JE
0459	lje	CYRILLIC SMALL LETTER LJE
045A	nje	CYRILLIC SMALL LETTER NJE
045B	tshe	CYRILLIC SMALL LETTER TSHE
045C	kje	CYRILLIC SMALL LETTER KJE
045D	igravecyr	CYRILLIC SMALL LETTER I WITH GRAVE
045E	ushort	CYRILLIC SMALL LETTER SHORT U
045F	dzhe	CYRILLIC SMALL LETTER DZHE
0460	Omegacyr	CYRILLIC CAPITAL LETTER OMEGA
0461	omegacyr	CYRILLIC SMALL LETTER OMEGA
0462	Yat	CYRILLIC CAPITAL LETTER YAT
0463	yat	CYRILLIC SMALL LETTER YAT
0464	Eiotified	CYRILLIC CAPITAL LETTER IOTIFIED E
0465	eiotified	CYRILLIC SMALL LETTER IOTIFIED E
0466	Yuslittle	CYRILLIC CAPITAL LETTER LITTLE YUS
0467	yuslittle	CYRILLIC SMALL LETTER LITTLE YUS
0468	Yuslittleiotified	CYRILLIC CAPITAL LETTER IOTIFIED LITTLE YUS
0469	yuslittleiotified	CYRILLIC SMALL LETTER IOTIFIED LITTLE YUS
046A	Yusbig	CYRILLIC CAPITAL LETTER BIG YUS
046B	yusbig	CYRILLIC SMALL LETTER BIG YUS
046C	Yusbigiotified	CYRILLIC CAPITAL LETTER IOTIFIED BIG YUS
046D	yusbigiotified	CYRILLIC SMALL LETTER IOTIFIED BIG YUS
046E	Ksi	CYRILLIC CAPITAL LETTER KSI
046F	ksi	CYRILLIC SMALL LETTER KSI
0470	Psicyr	CYRILLIC CAPITAL LETTER PSI
0471	psicyr	CYRILLIC SMALL LETTER PSI
0472	Fita	CYRILLIC CAPITAL LETTER FITA
0473	fita	CYRILLIC SMALL LETTER FITA
0474	Izhitsa	CYRILLIC CAPITAL LETTER IZHITSA
0475	izhitsa	CYRILLIC SMALL LETTER IZHITSA
0476	Izhitsadblgrave	CYRILLIC CAPITAL LETTER IZHITSA WITH DOUBLE GRAVE ACCENT
0477	izhitsadblgrave	CYRILLIC SMALL LETTER IZHITSA WITH DOUBLE GRAVE ACCENT
0478	Uk	CYRILLIC CAPITAL LETTER UK
0479	uk	CYRILLIC SMALL LETTER UK
047A	Omegaround	CYRILLIC CAPITAL LETTER ROUND OMEGA
047B	omegaround	CYRILLIC SMALL LETTER ROUND OMEGA
047C	Omegatitlo	CYRILLIC CAPITAL LETTER OMEGA WITH TITLO
047D	omegatitlo	CYRILLIC SMALL LETTER OMEGA WITH TITLO
047E	Ot	CYRILLIC CAPITAL LETTER OT
047F	ot	CYRILLIC SMALL LETTER OT
0480	Koppacyr	CYRILLIC CAPITAL LETTER KOPPA
0481	koppacyr	CYRILLIC SMALL LETTER KOPPA
0482	thousandscyr	CYRILLIC THOUSANDS SIGN
0483	titlocmb	COMBINING CYRILLIC TITLO
0484	palatalizationcmb	COMBINING CYRILLIC PALATALIZATION
0485	dasiapneumatacmb	COMBINING CYRILLIC DASIA PNEUMATA
0486	psilipneumatacmb	COMBINING CYRILLIC PSILI PNEUMATA
0487	pokrytiecmb	COMBINING CYRILLIC POKRYTIE
0488	hundredthousandscmb	COMBINING CYRILLIC HUNDRED THOUSANDS SIGN
0489	millionscmb	COMBINING CYRILLIC MILLIONS SIGN
048A	Ishorttail	CYRILLIC CAPITAL LETTER SHORT I WITH TAIL
048B	ishorttail	CYRILLIC SMALL LETTER SHORT I WITH TAIL
048C	Semisoft	CYRILLIC CAPITAL LETTER SEMISOFT SIGN
048D	semisoft	CYRILLIC SMALL LETTER SEMISOFT SIGN
048E	Ertick	CYRILLIC CAPITAL LETTER ER WITH TICK
048F	ertick	CYRILLIC SMALL LETTER ER WITH TICK
0490	Gheup	CYRILLIC CAPITAL LETTER GHE WITH UPTURN
0491	gheup	CYRILLIC SMALL LETTER GHE WITH UPTURN
0492	Ghestroke	CYRILLIC CAPITAL LETTER GHE WITH STROKE
0493	ghestroke	CYRILLIC SMALL LETTER GHE WITH STROKE
0494	Ghemiddlehook	CYRILLIC CAPITAL LETTER GHE WITH MIDDLE HOOK
0495	ghemiddlehook	CYRILLIC SMALL LETTER GHE WITH MIDDLE HOOK
0496	Zhedescender	CYRILLIC CAPITAL LETTER ZHE WITH DESCENDER
0497	zhedescender	CYRILLIC SMALL LETTER ZHE WITH DESCENDER
0498	Zedescender	CYRILLIC CAPITAL LETTER ZE WITH DESCENDER
0499	zedescender	CYRILLIC SMALL LETTER ZE WITH DESCENDER
049A	Kadescender	CYRILLIC CAPITAL LETTER KA WITH DESCENDER
049B	kadescender	CYRILLIC SMALL LETTER KA WITH DESCENDER
049C	Kaverticalstroke	CYRILLIC CAPITAL LETTER KA WITH VERTICAL STROKE
049D	kaverticalstroke	CYRILLIC SMALL LETTER KA WITH VERTICAL STROKE
049E	Kastroke	CYRILLIC CAPITAL LETTER KA WITH STROKE
049F	kastroke	CYRILLIC SMALL LETTER KA WITH STROKE
04A0	Kabashkir	CYRILLIC CAPITAL LETTER BASHKIR KA
04A1	kabashkir	CYRILLIC SMALL LETTER BASHKIR KA
04A2	Endescender	CYRILLIC CAPITAL LETTER EN WITH DESCENDER
04A3	endescender	CYRILLIC SMALL LETTER EN WITH DESCENDER
04A4	En_Ghe	CYRILLIC CAPITAL LIGATURE EN GHE
04A5	en_ghe	CYRILLIC SMALL LIGATURE EN GHE
04A6	Pemiddlehook	CYRILLIC CAPITAL LETTER PE WITH MIDDLE HOOK
04A7	pemiddlehook	CYRILLIC SMALL LETTER PE WITH MIDDLE HOOK
04A8	Haabkhaz	CYRILLIC CAPITAL LETTER ABKHASIAN HA
04A9	haabkhaz	CYRILLIC SMALL LETTER ABKHASIAN HA
04AA	Esdescender	CYRILLIC CAPITAL LETTER ES WITH DESCENDER
04AB	esdescender	CYRILLIC SMALL LETTER ES WITH DESCENDER
04AC	Tedescender	CYRILLIC CAPITAL LETTER TE WITH DESCENDER
04AD	tedescender	CYRILLIC SMALL LETTER TE WITH DESCENDER
04AE	Ustraight	CYRILLIC CAPITAL LETTER STRAIGHT U
04AF	ustraight	CYRILLIC SMALL LETTER STRAIGHT U
04B0	Ustraightstroke	CYRILLIC CAPITAL LETTER STRAIGHT U WITH STROKE
04B1	ustraightstroke	CYRILLIC SMALL LETTER STRAIGHT U WITH STROKE
04B2	Hadescender	CYRILLIC CAPITAL LETTER HA WITH DESCENDER
04B3	hadescender	CYRILLIC SMALL LETTER HA WITH DESCENDER
04B4	Te_Tse	CYRILLIC CAPITAL LIGATURE TE TSE
04B5	te_tse	CYRILLIC SMALL LIGATURE TE TSE
04B6	Chedescender	CYRILLIC CAPITAL LETTER CHE WITH DESCENDER
04B7	chedescender	CYRILLIC SMALL LETTER CHE WITH DESCENDER
04B8	Cheverticalstroke	CYRILLIC CAPITAL LETTER CHE WITH VERTICAL STROKE
04B9	cheverticalstroke	CYRILLIC SMALL LETTER CHE WITH VERTICAL STROKE
04BA	Shha	CYRILLIC CAPITAL LETTER SHHA
04BB	shha	CYRILLIC SMALL LETTER SHHA
04BC	Cheabkhaz	CYRILLIC CAPITAL LETTER ABKHASIAN CHE
04BD	cheabkhaz	CYRILLIC SMALL LETTER ABKHASIAN CHE
04BE	Chedescenderabkhaz	CYRILLIC CAPITAL LETTER ABKHASIAN CHE WITH DESCENDER
04BF	chedescenderabkhaz	CYRILLIC SMALL LETTER ABKHASIAN CHE WITH DESCENDER
04C0	Palochka	CYRILLIC LETTER PALOCHKA
04C1	Zhebreve	CYRILLIC CAPITAL LETTER ZHE WITH BREVE
04C2	zhebreve	CYRILLIC SMALL LETTER ZHE WITH BREVE
04C3	Kahook	CYRILLIC CAPITAL LETTER KA WITH HOOK
04C4	kahook	CYRILLIC SMALL LETTER KA WITH HOOK
04C5	Eltail	CYRILLIC CAPITAL LETTER EL WITH TAIL
04C6	eltail	CYRILLIC SMALL LETTER EL WITH TAIL
04C7	Enhook	CYRILLIC CAPITAL LETTER EN WITH HOOK
04C8	enhook	CYRILLIC SMALL LETTER EN WITH HOOK
04C9	Entail	CYRILLIC CAPITAL LETTER EN WITH TAIL
04CA	entail	CYRILLIC SMALL LETTER EN WITH TAIL
04CB	Chekhakas	CYRILLIC CAPITAL LETTER KHAKASSIAN CHE
04CC	chekhakas	CYRILLIC SMALL LETTER KHAKASSIAN CHE
04CD	Emtail	CYRILLIC CAPITAL LETTER EM WITH TAIL
04CE	emtail	CYRILLIC SMALL LETTER EM WITH TAIL
04CF	palochka	CYRILLIC SMALL LETTER PALOCHKA
04D0	Abrevecyr	CYRILLIC CAPITAL LETTER A WITH BREVE
04D1	abrevecyr	CYRILLIC SMALL LETTER A WITH BREVE
04D2	Adieresiscyr	CYRILLIC CAPITAL LETTER A WITH DIAERESIS
04D3	adieresiscyr	CYRILLIC SMALL LETTER A WITH DIAERESIS
04D4	A_Ie	CYRILLIC CAPITAL LIGATURE A IE
04D5	a_ie	CYRILLIC SMALL LIGATURE A IE
04D6	Iebreve	CYRILLIC CAPITAL LETTER IE WITH BREVE
04D7	iebreve	CYRILLIC SMALL LETTER IE WITH BREVE
04D8	Schwacyr	CYRILLIC CAPITAL LETTER SCHWA
04D9	schwacyr	CYRILLIC SMALL LETTER SCHWA
04DA	Schwadieresis	CYRILLIC CAPITAL LETTER SCHWA WITH DIAERESIS
04DB	schwadieresis	CYRILLIC SMALL LETTER SCHWA WITH DIAERESIS
04DC	Zhedieresis	CYRILLIC CAPITAL LETTER ZHE WITH DIAERESIS
04DD	zhedieresis	CYRILLIC SMALL LETTER ZHE WITH DIAERESIS
04DE	Zedieresis	CYRILLIC CAPITAL LETTER ZE WITH DIAERESIS
04DF	zedieresis	CYRILLIC SMALL LETTER ZE WITH DIAERESIS
04E0	Dzeabkhaz	CYRILLIC CAPITAL LETTER ABKHASIAN DZE
04E1	dzeabkhaz	CYRILLIC SMALL LETTER ABKHASIAN DZE
04E2	Imacroncyr	CYRILLIC CAPITAL LETTER I WITH MACRON
04E3	imacroncyr	CYRILLIC SMALL LETTER I WITH MACRON
04E4	Idieresiscyr	CYRILLIC CAPITAL LETTER I WITH DIAERESIS
04E5	idieresiscyr	CYRILLIC SMALL LETTER I WITH DIAERESIS
04E6	Odieresiscyr	CYRILLIC CAPITAL LETTER O WITH DIAERESIS
04E7	odieresiscyr	CYRILLIC SMALL LETTER O WITH DIAERESIS
04E8	Obarcyr	CYRILLIC CAPITAL LETTER BARRED O
04E9	obar	CYRILLIC SMALL LETTER BARRED O
04EA	Obardieresis	CYRILLIC CAPITAL LETTER BARRED O WITH DIAERESIS
04EB	obardieresis	CYRILLIC SMALL LETTER BARRED O WITH DIAERESIS
04EC	Edieresiscyr	CYRILLIC CAPITAL LETTER E WITH DIAERESIS
04ED	edieresiscyr	CYRILLIC SMALL LETTER E WITH DIAERESIS
04EE	Umacroncyr	CYRILLIC CAPITAL LETTER U WITH MACRON
04EF	umacroncyr	CYRILLIC SMALL LETTER U WITH MACRON
04F0	Udieresiscyr	CYRILLIC CAPITAL LETTER U WITH DIAERESIS
04F1	udieresiscyr	CYRILLIC SMALL LETTER U WITH DIAERESIS
04F2	Udblacute	CYRILLIC CAPITAL LETTER U WITH DOUBLE ACUTE
04F3	udblacute	CYRILLIC SMALL LETTER U WITH DOUBLE ACUTE
04F4	Chedieresis	CYRILLIC CAPITAL LETTER CHE WITH DIAERESIS
04F5	chedieresis	CYRILLIC SMALL LETTER CHE WITH DIAERESIS
04F6	Ghedescender	CYRILLIC CAPITAL LETTER GHE WITH DESCENDER
04F7	ghedescender	CYRILLIC SMALL LETTER GHE WITH DESCENDER
04F8	Yerudieresis	CYRILLIC CAPITAL LETTER YERU WITH DIAERESIS
04F9	yerudieresis	CYRILLIC SMALL LETTER YERU WITH DIAERESIS
04FA	Ghehookstroke	CYRILLIC CAPITAL LETTER GHE WITH STROKE AND HOOK
04FB	ghehookstroke	CYRILLIC SMALL LETTER GHE WITH STROKE AND HOOK
04FC	Hahook	CYRILLIC CAPITAL LETTER HA WITH HOOK
04FD	hahook	CYRILLIC SMALL LETTER HA WITH HOOK
04FE	Hastroke	CYRILLIC CAPITAL LETTER HA WITH STROKE
04FF	hastroke	CYRILLIC SMALL LETTER HA WITH STROKE