# Latin Extended-B 0180 - 024F
0180	lt-bstroke	LATIN SMALL LETTER B WITH STROKE
0181	lt-Bhook	LATIN CAPITAL LETTER B WITH HOOK
0182	lt-Btopbar	LATIN CAPITAL LETTER B WITH TOPBAR
0183	lt-btopbar	LATIN SMALL LETTER B WITH TOPBAR
0184	lt-Tonesix	LATIN CAPITAL LETTER TONE SIX
0185	lt-tonesix	LATIN SMALL LETTER TONE SIX
0186	lt-Oopen	LATIN CAPITAL LETTER OPEN O
0187	lt-Chook	LATIN CAPITAL LETTER C WITH HOOK
0188	lt-chook	LATIN SMALL LETTER C WITH HOOK
0189	lt-Dafrican	LATIN CAPITAL LETTER AFRICAN D
018A	lt-Dhook	LATIN CAPITAL LETTER D WITH HOOK
018B	lt-Dtopbar	LATIN CAPITAL LETTER D WITH TOPBAR
018C	lt-dtopbar	LATIN SMALL LETTER D WITH TOPBAR
018D	lt-deltaturned	LATIN SMALL LETTER TURNED DELTA
018E	lt-Ereversed	LATIN CAPITAL LETTER REVERSED E
018F	lt-Schwa	LATIN CAPITAL LETTER SCHWA
0190	lt-Eopen	LATIN CAPITAL LETTER OPEN E
0191	lt-Fhook	LATIN CAPITAL LETTER F WITH HOOK
0192	lt-fhook	LATIN SMALL LETTER F WITH HOOK
0193	lt-Ghook	LATIN CAPITAL LETTER G WITH HOOK
0194	lt-Gamma	LATIN CAPITAL LETTER GAMMA
0195	lt-hv	LATIN SMALL LETTER HV
0196	lt-Iota	LATIN CAPITAL LETTER IOTA
0197	lt-Istroke	LATIN CAPITAL LETTER I WITH STROKE
0198	lt-Khook	LATIN CAPITAL LETTER K WITH HOOK
0199	lt-khook	LATIN SMALL LETTER K WITH HOOK
019A	lt-lbar	LATIN SMALL LETTER L WITH BAR
019B	lt-lambdastroke	LATIN SMALL LETTER LAMBDA WITH STROKE
019C	lt-Mturned	LATIN CAPITAL LETTER TURNED M
019D	lt-Nhookleft	LATIN CAPITAL LETTER N WITH LEFT HOOK
019E	lt-nlongrightleg	LATIN SMALL LETTER N WITH LONG RIGHT LEG
019F	lt-Obar	LATIN CAPITAL LETTER O WITH MIDDLE TILDE
01A0	lt-Ohorn	LATIN CAPITAL LETTER O WITH HORN
01A1	lt-ohorn	LATIN SMALL LETTER O WITH HORN
01A2	lt-Oi	LATIN CAPITAL LETTER OI
01A3	lt-oi	LATIN SMALL LETTER OI
01A4	lt-Phook	LATIN CAPITAL LETTER P WITH HOOK
01A5	lt-phook	LATIN SMALL LETTER P WITH HOOK
01A6	lt-yr	LATIN LETTER YR
01A7	lt-Tonetwo	LATIN CAPITAL LETTER TONE TWO
01A8	lt-tonetwo	LATIN SMALL LETTER TONE TWO
01A9	lt-Esh	LATIN CAPITAL LETTER ESH
01AA	lt-eshreversedloop	LATIN LETTER REVERSED ESH LOOP
01AB	lt-tpalatalhook	LATIN SMALL LETTER T WITH PALATAL HOOK
01AC	lt-Thook	LATIN CAPITAL LETTER T WITH HOOK
01AD	lt-thook	LATIN SMALL LETTER T WITH HOOK
01AE	lt-Tretroflexhook	LATIN CAPITAL LETTER T WITH RETROFLEX HOOK
01AF	lt-Uhorn	LATIN CAPITAL LETTER U WITH HORN
01B0	lt-uhorn	LATIN SMALL LETTER U WITH HORN
01B1	lt-Upsilon	LATIN CAPITAL LETTER UPSILON
01B2	lt-Vhook	LATIN CAPITAL LETTER V WITH HOOK
01B3	lt-Yhook	LATIN CAPITAL LETTER Y WITH HOOK
01B4	lt-yhook	LATIN SMALL LETTER Y WITH HOOK
01B5	lt-Zstroke	LATIN CAPITAL LETTER Z WITH STROKE
01B6	lt-zstroke	LATIN SMALL LETTER Z WITH STROKE
01B7	lt-Ezh	LATIN CAPITAL LETTER EZH
01B8	lt-Ezhreversed	LATIN CAPITAL LETTER EZH REVERSED
01B9	lt-ezhreversed	LATIN SMALL LETTER EZH REVERSED
01BA	lt-ezhtail	LATIN SMALL LETTER EZH WITH TAIL
01BB	lt-twostroke	LATIN LETTER TWO WITH STROKE
01BC	lt-Tonefive	LATIN CAPITAL LETTER TONE FIVE
01BD	lt-tonefive	LATIN SMALL LETTER TONE FIVE
01BE	lt-glottalinvertedstroke	LATIN LETTER INVERTED GLOTTAL STOP WITH STROKE
01BF	lt-wynn	LATIN LETTER WYNN
01C0	lt-clickdental	LATIN LETTER DENTAL CLICK
01C1	lt-clicklateral	LATIN LETTER LATERAL CLICK
01C2	lt-clickalveolar	LATIN LETTER ALVEOLAR CLICK
01C3	lt-clickretroflex	LATIN LETTER RETROFLEX CLICK
01C4	lt-DZcaron	LATIN CAPITAL LETTER DZ WITH CARON
01C5	lt-Dzcaron	LATIN CAPITAL LETTER D WITH SMALL LETTER Z WITH CARON
01C6	lt-dzcaron	LATIN SMALL LETTER DZ WITH CARON
01C7	lt-LJ	LATIN CAPITAL LETTER LJ
01C8	lt-Lj	LATIN CAPITAL LETTER L WITH SMALL LETTER J
01C9	lt-lj	LATIN SMALL LETTER LJ
01CA	lt-NJ	LATIN CAPITAL LETTER NJ
01CB	lt-Nj	LATIN CAPITAL LETTER N WITH SMALL LETTER J
01CC	lt-nj	LATIN SMALL LETTER NJ
01CD	lt-Acaron	LATIN CAPITAL LETTER A WITH CARON
01CE	lt-acaron	LATIN SMALL LETTER A WITH CARON
01CF	lt-Icaron	LATIN CAPITAL LETTER I WITH CARON
01D0	lt-icaron	LATIN SMALL LETTER I WITH CARON
01D1	lt-Ocaron	LATIN CAPITAL LETTER O WITH CARON
01D2	lt-ocaron	LATIN SMALL LETTER O WITH CARON
01D3	lt-Ucaron	LATIN CAPITAL LETTER U WITH CARON
01D4	lt-ucaron	LATIN SMALL LETTER U WITH CARON
01D5	lt-Udieresismacron	LATIN CAPITAL LETTER U WITH DIAERESIS AND MACRON
01D6	lt-udieresismacron	LATIN SMALL LETTER U WITH DIAERESIS AND MACRON
01D7	lt-Udieresisacute	LATIN CAPITAL LETTER U WITH DIAERESIS AND ACUTE
01D8	lt-udieresisacute	LATIN SMALL LETTER U WITH DIAERESIS AND ACUTE
01D9	lt-Udieresiscaron	LATIN CAPITAL LETTER U WITH DIAERESIS AND CARON
01DA	lt-udieresiscaron	LATIN SMALL LETTER U WITH DIAERESIS AND CARON
01DB	lt-Udieresisgrave	LATIN CAPITAL LETTER U WITH DIAERESIS AND GRAVE
01DC	lt-udieresisgrave	LATIN SMALL LETTER U WITH DIAERESIS AND GRAVE
01DD	lt-eturned	LATIN SMALL LETTER TURNED E
01DE	lt-Adieresismacron	LATIN CAPITAL LETTER A WITH DIAERESIS AND MACRON
01DF	lt-adieresismacron	LATIN SMALL LETTER A WITH DIAERESIS AND MACRON
01E0	lt-Adotmacron	LATIN CAPITAL LETTER A WITH DOT ABOVE AND MACRON
01E1	lt-adotmacron	LATIN SMALL LETTER A WITH DOT ABOVE AND MACRON
01E2	lt-AEmacron	LATIN CAPITAL LETTER AE WITH MACRON
01E3	lt-aemacron	LATIN SMALL LETTER AE WITH MACRON
01E4	lt-Gstroke	LATIN CAPITAL LETTER G WITH STROKE
01E5	lt-gstroke	LATIN SMALL LETTER G WITH STROKE
01E6	lt-Gcaron	LATIN CAPITAL LETTER G WITH CARON
01E7	lt-gcaron	LATIN SMALL LETTER G WITH CARON
01E8	lt-Kcaron	LATIN CAPITAL LETTER K WITH CARON
01E9	lt-kcaron	LATIN SMALL LETTER K WITH CARON
01EA	lt-Oogonek	LATIN CAPITAL LETTER O WITH OGONEK
01EB	lt-oogonek	LATIN SMALL LETTER O WITH OGONEK
01EC	lt-Oogonekmacron	LATIN CAPITAL LETTER O WITH OGONEK AND MACRON
01ED	lt-oogonekmacron	LATIN SMALL LETTER O WITH OGONEK AND MACRON
01EE	lt-Ezhcaron	LATIN CAPITAL LETTER EZH WITH CARON
01EF	lt-ezhcaron	LATIN SMALL LETTER EZH WITH CARON
01F0	lt-jcaron	LATIN SMALL LETTER J WITH CARON
01F1	lt-DZ	LATIN CAPITAL LETTER DZ
01F2	lt-Dz	LATIN CAPITAL LETTER D WITH SMALL LETTER Z
01F3	lt-dz	LATIN SMALL LETTER DZ
01F4	lt-Gacute	LATIN CAPITAL LETTER G WITH ACUTE
01F5	lt-gacute	LATIN SMALL LETTER G WITH ACUTE
01F6	lt-Hwair	LATIN CAPITAL LETTER HWAIR
01F7	lt-CAPITALwynn	LATIN CAPITAL LETTER WYNN
01F8	lt-Ngrave	LATIN CAPITAL LETTER N WITH GRAVE
01F9	lt-ngrave	LATIN SMALL LETTER N WITH GRAVE
01FA	lt-Aringacute	LATIN CAPITAL LETTER A WITH RING ABOVE AND ACUTE
01FB	lt-aringacute	LATIN SMALL LETTER A WITH RING ABOVE AND ACUTE
01FC	lt-AEacute	LATIN CAPITAL LETTER AE WITH ACUTE
01FD	lt-aeacute	LATIN SMALL LETTER AE WITH ACUTE
01FE	lt-Oslashacute	LATIN CAPITAL LETTER O WITH STROKE AND ACUTE
01FF	lt-oslashacute	LATIN SMALL LETTER O WITH STROKE AND ACUTE
0200	lt-Adblgrave	LATIN CAPITAL LETTER A WITH DOUBLE GRAVE
0201	lt-adblgrave	LATIN SMALL LETTER A WITH DOUBLE GRAVE
0202	lt-Ainvertedbreve	LATIN CAPITAL LETTER A WITH INVERTED BREVE
0203	lt-ainvertedbreve	LATIN SMALL LETTER A WITH INVERTED BREVE
0204	lt-Edblgrave	LATIN CAPITAL LETTER E WITH DOUBLE GRAVE
0205	lt-edblgrave	LATIN SMALL LETTER E WITH DOUBLE GRAVE
0206	lt-Einvertedbreve	LATIN CAPITAL LETTER E WITH INVERTED BREVE
0207	lt-einvertedbreve	LATIN SMALL LETTER E WITH INVERTED BREVE
0208	lt-Idblgrave	LATIN CAPITAL LETTER I WITH DOUBLE GRAVE
0209	lt-idblgrave	LATIN SMALL LETTER I WITH DOUBLE GRAVE
020A	lt-Iinvertedbreve	LATIN CAPITAL LETTER I WITH INVERTED BREVE
020B	lt-iinvertedbreve	LATIN SMALL LETTER I WITH INVERTED BREVE
020C	lt-Odblgrave	LATIN CAPITAL LETTER O WITH DOUBLE GRAVE
020D	lt-odblgrave	LATIN SMALL LETTER O WITH DOUBLE GRAVE
020E	lt-Oinvertedbreve	LATIN CAPITAL LETTER O WITH INVERTED BREVE
020F	lt-oinvertedbreve	LATIN SMALL LETTER O WITH INVERTED BREVE
0210	lt-Rdblgrave	LATIN CAPITAL LETTER R WITH DOUBLE GRAVE
0211	lt-rdblgrave	LATIN SMALL LETTER R WITH DOUBLE GRAVE
0212	lt-Rinvertedbreve	LATIN CAPITAL LETTER R WITH INVERTED BREVE
0213	lt-rinvertedbreve	LATIN SMALL LETTER R WITH INVERTED BREVE
0214	lt-Udblgrave	LATIN CAPITAL LETTER U WITH DOUBLE GRAVE
0215	lt-udblgrave	LATIN SMALL LETTER U WITH DOUBLE GRAVE
0216	lt-Uinvertedbreve	LATIN CAPITAL LETTER U WITH INVERTED BREVE
0217	lt-uinvertedbreve	LATIN SMALL LETTER U WITH INVERTED BREVE
0218	lt-Scommaaccent	LATIN CAPITAL LETTER S WITH COMMA BELOW
0219	lt-scommaaccent	LATIN SMALL LETTER S WITH COMMA BELOW
021A	lt-Tcommaaccent	LATIN CAPITAL LETTER T WITH COMMA BELOW
021B	lt-tcommaaccent	LATIN SMALL LETTER T WITH COMMA BELOW
021C	lt-Yogh	LATIN CAPITAL LETTER YOGH
021D	lt-yogh	LATIN SMALL LETTER YOGH
021E	lt-Hcaron	LATIN CAPITAL LETTER H WITH CARON
021F	lt-hcaron	LATIN SMALL LETTER H WITH CARON
0220	lt-Nlongrightleg	LATIN CAPITAL LETTER N WITH LONG RIGHT LEG
0221	lt-dcurl	LATIN SMALL LETTER D WITH CURL
0222	lt-Ou	LATIN CAPITAL LETTER OU
0223	lt-ou	LATIN SMALL LETTER OU
0224	lt-Zhook	LATIN CAPITAL LETTER Z WITH HOOK
0225	lt-zhook	LATIN SMALL LETTER Z WITH HOOK
0226	lt-Adot	LATIN CAPITAL LETTER A WITH DOT ABOVE
0227	lt-adot	LATIN SMALL LETTER A WITH DOT ABOVE
0228	lt-Ecedilla	LATIN CAPITAL LETTER E WITH CEDILLA
0229	lt-ecedilla	LATIN SMALL LETTER E WITH CEDILLA
022A	lt-Odieresismacron	LATIN CAPITAL LETTER O WITH DIAERESIS AND MACRON
022B	lt-odieresismacron	LATIN SMALL LETTER O WITH DIAERESIS AND MACRON
022C	lt-Otildemacron	LATIN CAPITAL LETTER O WITH TILDE AND MACRON
022D	lt-otildemacron	LATIN SMALL LETTER O WITH TILDE AND MACRON
022E	lt-Odot	LATIN CAPITAL LETTER O WITH DOT ABOVE
022F	lt-odot	LATIN SMALL LETTER O WITH DOT ABOVE
0230	lt-Odotmacron	LATIN CAPITAL LETTER O WITH DOT ABOVE AND MACRON
0231	lt-odotmacron	LATIN SMALL LETTER O WITH DOT ABOVE AND MACRON
0232	lt-Ymacron	LATIN CAPITAL LETTER Y WITH MACRON
0233	lt-ymacron	LATIN SMALL LETTER Y WITH MACRON
0234	lt-lcurl	LATIN SMALL LETTER L WITH CURL
0235	lt-ncurl	LATIN SMALL LETTER N WITH CURL
0236	lt-tcurl	LATIN SMALL LETTER T WITH CURL
0237	lt-dotlessj	LATIN SMALL LETTER DOTLESS J
0238	lt-dbdigraph	LATIN SMALL LETTER DB DIGRAPH
0239	lt-qpdigraph	LATIN SMALL LETTER QP DIGRAPH
023A	lt-Astroke	LATIN CAPITAL LETTER A WITH STROKE
023B	lt-Cstroke	LATIN CAPITAL LETTER C WITH STROKE
023C	lt-cstroke	LATIN SMALL LETTER C WITH STROKE
023D	lt-Lbar	LATIN CAPITAL LETTER L WITH BAR
023E	lt-Twithdiagonalstroke	LATIN CAPITAL LETTER T WITH DIAGONAL STROKE
023F	lt-sswashtail	LATIN SMALL LETTER S WITH SWASH TAIL
0240	lt-zswashtail	LATIN SMALL LETTER Z WITH SWASH TAIL
0241	lt-Glottalstop	LATIN CAPITAL LETTER GLOTTAL STOP
0242	lt-glottalstop	LATIN SMALL LETTER GLOTTAL STOP
0243	lt-Bstroke	LATIN CAPITAL LETTER B WITH STROKE
0244	lt-Ubar	LATIN CAPITAL LETTER U BAR
0245	lt-Vturned	LATIN CAPITAL LETTER TURNED V
0246	lt-Estroke	LATIN CAPITAL LETTER E WITH STROKE
0247	lt-estroke	LATIN SMALL LETTER E WITH STROKE
0248	lt-Jstroke	LATIN CAPITAL LETTER J WITH STROKE
0249	lt-jstroke	LATIN SMALL LETTER J WITH STROKE
024A	lt-Qsmallhooktail	LATIN CAPITAL LETTER SMALL Q WITH HOOK TAIL
024B	lt-qhooktail	LATIN SMALL LETTER Q WITH HOOK TAIL
024C	lt-Rstroke	LATIN CAPITAL LETTER R WITH STROKE
024D	lt-rstroke	LATIN SMALL LETTER R WITH STROKE
024E	lt-Ystroke	LATIN CAPITAL LETTER Y WITH STROKE
024F	lt-ystroke	LATIN SMALL LETTER Y WITH STROKE